post_id,post_url,caption,hashtags,likes,comments,posted_at,location_name,lat,lng,lang,content_type
demo_001,https://instagram.com/p/demo_001,텐진 쇼핑 투어,"#lantern,#후쿠오카여행,#中洲,#nightview,#nakasu,#후쿠오카",181,12,2025-07-08T00:56:59,Hakata,33.5902,130.4017,ko,night
demo_002,https://instagram.com/p/demo_002,小倉城很美,"#dazaifu,#temple,#castle,#博多,#神社,#福岡",166,7,2025-07-23T22:56:59,Hakata,33.5902,130.4017,zh,culture
demo_003,https://instagram.com/p/demo_003,Itoshima beach is amazing,"#dazaifu,#temple,#castle,#fukuoka,#神社,#visitjapan",154,13,2025-10-06T03:56:59,Tenjin,33.5903,130.401,en,culture
demo_004,https://instagram.com/p/demo_004,博多拉麵超好吃,"#dazaifu,#temple,#castle,#博多,#神社,#福岡",121,9,2025-09-29T19:56:59,Tenjin,33.5903,130.401,zh,culture
demo_005,https://instagram.com/p/demo_005,Kokura castle in the sun,"#lantern,#中洲,#fukuoka,#nightview,#nakasu,#visitjapan",226,4,2025-10-05T14:56:59,Hakata,33.5902,130.4017,en,night
demo_006,https://instagram.com/p/demo_006,다자이후 신사 참배,"#dazaifu,#temple,#castle,#후쿠오카여행,#후쿠오카,#神社",183,8,2025-09-12T23:56:59,Hakata,33.5902,130.4017,ko,culture
demo_007,https://instagram.com/p/demo_007,이토시마 바다가 아름다워요,"#izakaya,#屋台,#후쿠오카여행,#福岡グルメ,#ramen,#fukuokafood",221,11,2025-07-31T15:56:59,Kokura,33.8833,130.8753,ko,food
demo_008,https://instagram.com/p/demo_008,中洲夜景非常漂亮,"#lantern,#博多,#中洲,#nightview,#nakasu,#福岡",71,12,2025-07-14T19:56:59,Itoshima,33.5561,130.1996,zh,night
demo_009,https://instagram.com/p/demo_009,Night stalls in Nakasu are vibrant,"#izakaya,#屋台,#福岡グルメ,#ramen,#fukuoka,#fukuokafood",151,8,2025-09-25T17:56:59,Nakasu,33.5936,130.4069,en,food
demo_010,https://instagram.com/p/demo_010,이토시마 바다가 아름다워요,"#itoshima,#sunset,#糸島,#후쿠오카여행,#海,#후쿠오카",133,1,2025-10-01T14:56:59,Nakasu,33.5936,130.4069,ko,nature
demo_011,https://instagram.com/p/demo_011,天神逛街很方便,"#dazaifu,#temple,#castle,#博多,#神社,#福岡",135,10,2025-09-05T04:56:59,Nakasu,33.5936,130.4069,zh,culture
demo_012,https://instagram.com/p/demo_012,Praying at Dazaifu shrine,"#dazaifu,#temple,#castle,#fukuoka,#神社,#visitjapan",34,13,2025-08-21T16:56:59,Kokura,33.8833,130.8753,en,culture
demo_013,https://instagram.com/p/demo_013,Praying at Dazaifu shrine,"#lantern,#中洲,#fukuoka,#nightview,#nakasu,#visitjapan",178,4,2025-09-06T20:56:59,Kokura,33.8833,130.8753,en,night
demo_014,https://instagram.com/p/demo_014,Kokura castle in the sun,"#dazaifu,#temple,#castle,#fukuoka,#神社,#visitjapan",155,7,2025-07-08T16:56:59,Tenjin,33.5903,130.401,en,culture
demo_015,https://instagram.com/p/demo_015,Shopping around Tenjin core,"#dazaifu,#temple,#castle,#fukuoka,#神社,#visitjapan",91,4,2025-09-08T21:56:59,Kokura,33.8833,130.8753,en,culture
demo_016,https://instagram.com/p/demo_016,Praying at Dazaifu shrine,"#izakaya,#屋台,#福岡グルメ,#ramen,#fukuoka,#fukuokafood",167,7,2025-09-01T02:56:59,Dazaifu,33.5209,130.5341,en,food
demo_017,https://instagram.com/p/demo_017,天神逛街很方便,"#izakaya,#屋台,#福岡グルメ,#博多,#ramen,#fukuokafood",170,12,2025-06-25T01:56:59,Nakasu,33.5936,130.4069,zh,food
demo_018,https://instagram.com/p/demo_018,Kokura castle in the sun,"#itoshima,#sunset,#糸島,#海,#fukuoka,#visitjapan",151,9,2025-09-12T18:56:59,Dazaifu,33.5209,130.5341,en,nature
demo_019,https://instagram.com/p/demo_019,나카스 야경 분위기 미쳤다,"#itoshima,#sunset,#糸島,#후쿠오카여행,#海,#후쿠오카",154,12,2025-10-02T04:56:59,Tenjin,33.5903,130.401,ko,nature
demo_020,https://instagram.com/p/demo_020,太宰府でお参り,"#lantern,#博多,#中洲,#nightview,#nakasu,#福岡",150,10,2025-08-10T04:56:59,Dazaifu,33.5209,130.5341,ja,night
demo_021,https://instagram.com/p/demo_021,Shopping around Tenjin core,"#izakaya,#屋台,#福岡グルメ,#ramen,#fukuoka,#fukuokafood",239,12,2025-07-03T02:56:59,Tenjin,33.5903,130.401,en,food
demo_022,https://instagram.com/p/demo_022,小倉城很美,"#dazaifu,#temple,#castle,#博多,#神社,#福岡",174,6,2025-08-31T03:56:59,Tenjin,33.5903,130.401,zh,culture
demo_023,https://instagram.com/p/demo_023,다자이후 신사 참배,"#itoshima,#sunset,#糸島,#후쿠오카여행,#海,#후쿠오카",166,5,2025-09-18T00:56:59,Tenjin,33.5903,130.401,ko,nature
demo_024,https://instagram.com/p/demo_024,나카스 야경 분위기 미쳤다,"#dazaifu,#temple,#castle,#후쿠오카여행,#후쿠오카,#神社",171,9,2025-08-06T14:56:59,Dazaifu,33.5209,130.5341,ko,culture
demo_025,https://instagram.com/p/demo_025,후쿠오카 야타이 최고,"#itoshima,#sunset,#糸島,#후쿠오카여행,#海,#후쿠오카",274,10,2025-07-01T17:56:59,Dazaifu,33.5209,130.5341,ko,nature
demo_026,https://instagram.com/p/demo_026,天神でショッピング,"#izakaya,#屋台,#福岡グルメ,#博多,#ramen,#fukuokafood",131,9,2025-08-25T17:56:59,Nakasu,33.5936,130.4069,ja,food
demo_027,https://instagram.com/p/demo_027,Itoshima beach is amazing,"#dazaifu,#temple,#castle,#fukuoka,#神社,#visitjapan",142,12,2025-08-15T17:56:59,Dazaifu,33.5209,130.5341,en,culture
demo_028,https://instagram.com/p/demo_028,Kokura castle in the sun,"#lantern,#中洲,#fukuoka,#nightview,#nakasu,#visitjapan",120,12,2025-09-25T14:56:59,Itoshima,33.5561,130.1996,en,night
demo_029,https://instagram.com/p/demo_029,후쿠오카 야타이 최고,"#izakaya,#屋台,#후쿠오카여행,#福岡グルメ,#ramen,#fukuokafood",269,12,2025-10-05T03:56:59,Kokura,33.8833,130.8753,ko,food
demo_030,https://instagram.com/p/demo_030,Itoshima beach is amazing,"#dazaifu,#temple,#castle,#fukuoka,#神社,#visitjapan",164,9,2025-08-22T17:56:59,Tenjin,33.5903,130.401,en,culture
demo_031,https://instagram.com/p/demo_031,후쿠오카 야타이 최고,"#izakaya,#屋台,#후쿠오카여행,#福岡グルメ,#ramen,#fukuokafood",396,15,2025-10-09T14:56:59,Dazaifu,33.5209,130.5341,ko,food
demo_032,https://instagram.com/p/demo_032,糸島の海がきれい,"#itoshima,#sunset,#糸島,#海,#博多,#福岡",122,13,2025-10-12T20:56:59,Tenjin,33.5903,130.401,ja,nature
demo_033,https://instagram.com/p/demo_033,Hakata ramen for dinner,"#dazaifu,#temple,#castle,#fukuoka,#神社,#visitjapan",129,15,2025-08-21T18:56:59,Hakata,33.5902,130.4017,en,culture
demo_034,https://instagram.com/p/demo_034,텐진 쇼핑 투어,"#dazaifu,#temple,#castle,#후쿠오카여행,#후쿠오카,#神社",168,10,2025-07-01T23:56:59,Kokura,33.8833,130.8753,ko,culture
demo_035,https://instagram.com/p/demo_035,나카스 야경 분위기 미쳤다,"#lantern,#후쿠오카여행,#中洲,#nightview,#nakasu,#후쿠오카",254,12,2025-08-28T04:56:59,Kokura,33.8833,130.8753,ko,night
demo_036,https://instagram.com/p/demo_036,Night stalls in Nakasu are vibrant,"#izakaya,#屋台,#福岡グルメ,#ramen,#fukuoka,#fukuokafood",193,8,2025-07-03T00:56:59,Dazaifu,33.5209,130.5341,en,food
demo_037,https://instagram.com/p/demo_037,텐진 쇼핑 투어,"#itoshima,#sunset,#糸島,#후쿠오카여행,#海,#후쿠오카",164,9,2025-07-04T20:56:59,Dazaifu,33.5209,130.5341,ko,nature
demo_038,https://instagram.com/p/demo_038,이토시마 바다가 아름다워요,"#lantern,#후쿠오카여행,#中洲,#nightview,#nakasu,#후쿠오카",217,8,2025-09-23T19:56:59,Dazaifu,33.5209,130.5341,ko,night
demo_039,https://instagram.com/p/demo_039,Hakata ramen for dinner,"#lantern,#中洲,#fukuoka,#nightview,#nakasu,#visitjapan",46,13,2025-07-03T14:56:59,Tenjin,33.5903,130.401,en,night
demo_040,https://instagram.com/p/demo_040,다자이후 신사 참배,"#izakaya,#屋台,#후쿠오카여행,#福岡グルメ,#ramen,#fukuokafood",217,11,2025-07-27T16:56:59,Dazaifu,33.5209,130.5341,ko,food
demo_041,https://instagram.com/p/demo_041,中洲夜景非常漂亮,"#lantern,#博多,#中洲,#nightview,#nakasu,#福岡",165,15,2025-09-02T01:56:59,Tenjin,33.5903,130.401,zh,night
demo_042,https://instagram.com/p/demo_042,이토시마 바다가 아름다워요,"#izakaya,#屋台,#후쿠오카여행,#福岡グルメ,#ramen,#fukuokafood",142,4,2025-09-16T15:56:59,Kokura,33.8833,130.8753,ko,food
demo_043,https://instagram.com/p/demo_043,Night stalls in Nakasu are vibrant,"#itoshima,#sunset,#糸島,#海,#fukuoka,#visitjapan",168,16,2025-09-23T19:56:59,Hakata,33.5902,130.4017,en,nature
demo_044,https://instagram.com/p/demo_044,텐진 쇼핑 투어,"#dazaifu,#temple,#castle,#후쿠오카여행,#후쿠오카,#神社",139,17,2025-06-30T15:56:59,Nakasu,33.5936,130.4069,ko,culture
demo_045,https://instagram.com/p/demo_045,이토시마 바다가 아름다워요,"#izakaya,#屋台,#후쿠오카여행,#福岡グルメ,#ramen,#fukuokafood",283,10,2025-09-13T18:56:59,Nakasu,33.5936,130.4069,ko,food
demo_046,https://instagram.com/p/demo_046,太宰府天滿宮參拜,"#dazaifu,#temple,#castle,#博多,#神社,#福岡",112,6,2025-09-21T04:56:59,Dazaifu,33.5209,130.5341,zh,culture
demo_047,https://instagram.com/p/demo_047,후쿠오카 야타이 최고,"#itoshima,#sunset,#糸島,#후쿠오카여행,#海,#후쿠오카",164,10,2025-08-10T04:56:59,Nakasu,33.5936,130.4069,ko,nature
demo_048,https://instagram.com/p/demo_048,糸島海邊咖啡廳好拍,"#itoshima,#sunset,#糸島,#海,#博多,#福岡",152,5,2025-09-04T04:56:59,Tenjin,33.5903,130.401,zh,nature
demo_049,https://instagram.com/p/demo_049,中洲の屋台で飲んだ,"#itoshima,#sunset,#糸島,#海,#博多,#福岡",219,8,2025-07-15T02:56:59,Kokura,33.8833,130.8753,ja,nature
demo_050,https://instagram.com/p/demo_050,天神逛街很方便,"#itoshima,#sunset,#糸島,#海,#博多,#福岡",175,5,2025-08-16T02:56:59,Hakata,33.5902,130.4017,zh,nature
demo_051,https://instagram.com/p/demo_051,博多拉麵超好吃,"#lantern,#博多,#中洲,#nightview,#nakasu,#福岡",230,16,2025-08-12T03:56:59,Tenjin,33.5903,130.401,zh,night
demo_052,https://instagram.com/p/demo_052,太宰府天滿宮參拜,"#itoshima,#sunset,#糸島,#海,#博多,#福岡",207,4,2025-08-03T03:56:59,Tenjin,33.5903,130.401,zh,nature
demo_053,https://instagram.com/p/demo_053,Praying at Dazaifu shrine,"#itoshima,#sunset,#糸島,#海,#fukuoka,#visitjapan",141,12,2025-07-03T02:56:59,Kokura,33.8833,130.8753,en,nature
demo_054,https://instagram.com/p/demo_054,후쿠오카 야타이 최고,"#dazaifu,#temple,#castle,#후쿠오카여행,#후쿠오카,#神社",90,1,2025-08-05T14:56:59,Dazaifu,33.5209,130.5341,ko,culture
demo_055,https://instagram.com/p/demo_055,小倉城很美,"#itoshima,#sunset,#糸島,#海,#博多,#福岡",29,3,2025-06-28T15:56:59,Nakasu,33.5936,130.4069,zh,nature
demo_056,https://instagram.com/p/demo_056,나카스 야경 분위기 미쳤다,"#lantern,#후쿠오카여행,#中洲,#nightview,#nakasu,#후쿠오카",20,15,2025-07-08T20:56:59,Kokura,33.8833,130.8753,ko,night
demo_057,https://instagram.com/p/demo_057,Kokura castle in the sun,"#dazaifu,#temple,#castle,#fukuoka,#神社,#visitjapan",276,7,2025-09-01T00:56:59,Hakata,33.5902,130.4017,en,culture
demo_058,https://instagram.com/p/demo_058,太宰府でお参り,"#itoshima,#sunset,#糸島,#海,#博多,#福岡",164,11,2025-09-18T04:56:59,Kokura,33.8833,130.8753,ja,nature
demo_059,https://instagram.com/p/demo_059,하카타 라멘 너무 맛있어,"#izakaya,#屋台,#후쿠오카여행,#福岡グルメ,#ramen,#fukuokafood",170,5,2025-08-03T00:56:59,Kokura,33.8833,130.8753,ko,food
demo_060,https://instagram.com/p/demo_060,Kokura castle in the sun,"#lantern,#中洲,#fukuoka,#nightview,#nakasu,#visitjapan",143,8,2025-09-17T20:56:59,Kokura,33.8833,130.8753,en,night
demo_061,https://instagram.com/p/demo_061,太宰府天滿宮參拜,"#lantern,#博多,#中洲,#nightview,#nakasu,#福岡",85,15,2025-08-01T18:56:59,Tenjin,33.5903,130.401,zh,night
demo_062,https://instagram.com/p/demo_062,하카타 라멘 너무 맛있어,"#lantern,#후쿠오카여행,#中洲,#nightview,#nakasu,#후쿠오카",116,11,2025-07-21T22:56:59,Dazaifu,33.5209,130.5341,ko,night
demo_063,https://instagram.com/p/demo_063,小倉城很美,"#itoshima,#sunset,#糸島,#海,#博多,#福岡",153,6,2025-09-17T00:56:59,Kokura,33.8833,130.8753,zh,nature
demo_064,https://instagram.com/p/demo_064,Night stalls in Nakasu are vibrant,"#lantern,#中洲,#fukuoka,#nightview,#nakasu,#visitjapan",186,13,2025-06-27T14:56:59,Tenjin,33.5903,130.401,en,night
demo_065,https://instagram.com/p/demo_065,小倉城を散策,"#izakaya,#屋台,#福岡グルメ,#博多,#ramen,#fukuokafood",59,12,2025-09-05T17:56:59,Dazaifu,33.5209,130.5341,ja,food
demo_066,https://instagram.com/p/demo_066,후쿠오카 야타이 최고,"#dazaifu,#temple,#castle,#후쿠오카여행,#후쿠오카,#神社",143,14,2025-06-25T04:56:59,Itoshima,33.5561,130.1996,ko,culture
demo_067,https://instagram.com/p/demo_067,小倉城很美,"#itoshima,#sunset,#糸島,#海,#博多,#福岡",210,2,2025-08-22T14:56:59,Tenjin,33.5903,130.401,zh,nature
demo_068,https://instagram.com/p/demo_068,Shopping around Tenjin core,"#dazaifu,#temple,#castle,#fukuoka,#神社,#visitjapan",184,11,2025-08-30T22:56:59,Hakata,33.5902,130.4017,en,culture
demo_069,https://instagram.com/p/demo_069,Hakata ramen for dinner,"#dazaifu,#temple,#castle,#fukuoka,#神社,#visitjapan",176,1,2025-07-15T01:56:59,Itoshima,33.5561,130.1996,en,culture
demo_070,https://instagram.com/p/demo_070,다자이후 신사 참배,"#lantern,#후쿠오카여행,#中洲,#nightview,#nakasu,#후쿠오카",187,3,2025-09-12T17:56:59,Tenjin,33.5903,130.401,ko,night
demo_071,https://instagram.com/p/demo_071,이토시마 바다가 아름다워요,"#lantern,#후쿠오카여행,#中洲,#nightview,#nakasu,#후쿠오카",185,14,2025-09-01T15:56:59,Kokura,33.8833,130.8753,ko,night
demo_072,https://instagram.com/p/demo_072,Shopping around Tenjin core,"#itoshima,#sunset,#糸島,#海,#fukuoka,#visitjapan",174,8,2025-08-15T19:56:59,Itoshima,33.5561,130.1996,en,nature
demo_073,https://instagram.com/p/demo_073,텐진 쇼핑 투어,"#itoshima,#sunset,#糸島,#후쿠오카여행,#海,#후쿠오카",209,5,2025-09-30T23:56:59,Hakata,33.5902,130.4017,ko,nature
demo_074,https://instagram.com/p/demo_074,Hakata ramen for dinner,"#dazaifu,#temple,#castle,#fukuoka,#神社,#visitjapan",2,8,2025-08-02T02:56:59,Dazaifu,33.5209,130.5341,en,culture
demo_075,https://instagram.com/p/demo_075,糸島海邊咖啡廳好拍,"#itoshima,#sunset,#糸島,#海,#博多,#福岡",132,10,2025-08-25T14:56:59,Itoshima,33.5561,130.1996,zh,nature
demo_076,https://instagram.com/p/demo_076,Shopping around Tenjin core,"#dazaifu,#temple,#castle,#fukuoka,#神社,#visitjapan",121,2,2025-07-10T23:56:59,Kokura,33.8833,130.8753,en,culture
demo_077,https://instagram.com/p/demo_077,Night stalls in Nakasu are vibrant,"#izakaya,#屋台,#福岡グルメ,#ramen,#fukuoka,#fukuokafood",234,12,2025-10-12T21:56:59,Itoshima,33.5561,130.1996,en,food
demo_078,https://instagram.com/p/demo_078,Hakata ramen for dinner,"#lantern,#中洲,#fukuoka,#nightview,#nakasu,#visitjapan",192,14,2025-09-30T04:56:59,Itoshima,33.5561,130.1996,en,night
demo_079,https://instagram.com/p/demo_079,Itoshima beach is amazing,"#lantern,#中洲,#fukuoka,#nightview,#nakasu,#visitjapan",214,5,2025-09-27T22:56:59,Itoshima,33.5561,130.1996,en,night
demo_080,https://instagram.com/p/demo_080,糸島の海がきれい,"#itoshima,#sunset,#糸島,#海,#博多,#福岡",118,2,2025-09-15T14:56:59,Nakasu,33.5936,130.4069,ja,nature
demo_081,https://instagram.com/p/demo_081,糸島の海がきれい,"#izakaya,#屋台,#福岡グルメ,#博多,#ramen,#fukuokafood",147,7,2025-08-24T00:56:59,Tenjin,33.5903,130.401,ja,food
demo_082,https://instagram.com/p/demo_082,나카스 야경 분위기 미쳤다,"#dazaifu,#temple,#castle,#후쿠오카여행,#후쿠오카,#神社",108,1,2025-07-15T23:56:59,Tenjin,33.5903,130.401,ko,culture
demo_083,https://instagram.com/p/demo_083,天神でショッピング,"#izakaya,#屋台,#福岡グルメ,#博多,#ramen,#fukuokafood",186,7,2025-08-02T15:56:59,Kokura,33.8833,130.8753,ja,food
demo_084,https://instagram.com/p/demo_084,Kokura castle in the sun,"#dazaifu,#temple,#castle,#fukuoka,#神社,#visitjapan",64,11,2025-07-03T23:56:59,Nakasu,33.5936,130.4069,en,culture
demo_085,https://instagram.com/p/demo_085,博多拉麵超好吃,"#izakaya,#屋台,#福岡グルメ,#博多,#ramen,#fukuokafood",163,5,2025-09-19T23:56:59,Tenjin,33.5903,130.401,zh,food
demo_086,https://instagram.com/p/demo_086,小倉城很美,"#izakaya,#屋台,#福岡グルメ,#博多,#ramen,#fukuokafood",143,14,2025-08-10T15:56:59,Dazaifu,33.5209,130.5341,zh,food
demo_087,https://instagram.com/p/demo_087,하카타 라멘 너무 맛있어,"#dazaifu,#temple,#castle,#후쿠오카여행,#후쿠오카,#神社",152,4,2025-08-10T00:56:59,Hakata,33.5902,130.4017,ko,culture
demo_088,https://instagram.com/p/demo_088,小倉城很美,"#itoshima,#sunset,#糸島,#海,#博多,#福岡",164,2,2025-07-28T23:56:59,Itoshima,33.5561,130.1996,zh,nature
demo_089,https://instagram.com/p/demo_089,太宰府天滿宮參拜,"#dazaifu,#temple,#castle,#博多,#神社,#福岡",176,1,2025-08-05T03:56:59,Itoshima,33.5561,130.1996,zh,culture
demo_090,https://instagram.com/p/demo_090,小倉城很美,"#lantern,#博多,#中洲,#nightview,#nakasu,#福岡",213,7,2025-08-22T23:56:59,Hakata,33.5902,130.4017,zh,night
demo_091,https://instagram.com/p/demo_091,다자이후 신사 참배,"#izakaya,#屋台,#후쿠오카여행,#福岡グルメ,#ramen,#fukuokafood",126,10,2025-08-25T17:56:59,Nakasu,33.5936,130.4069,ko,food
demo_092,https://instagram.com/p/demo_092,博多拉麵超好吃,"#lantern,#博多,#中洲,#nightview,#nakasu,#福岡",248,4,2025-07-29T22:56:59,Nakasu,33.5936,130.4069,zh,night
demo_093,https://instagram.com/p/demo_093,이토시마 바다가 아름다워요,"#izakaya,#屋台,#후쿠오카여행,#福岡グルメ,#ramen,#fukuokafood",183,15,2025-09-04T02:56:59,Tenjin,33.5903,130.401,ko,food
demo_094,https://instagram.com/p/demo_094,하카타 라멘 너무 맛있어,"#dazaifu,#temple,#castle,#후쿠오카여행,#후쿠오카,#神社",129,7,2025-07-31T17:56:59,Kokura,33.8833,130.8753,ko,culture
demo_095,https://instagram.com/p/demo_095,나카스 야경 분위기 미쳤다,"#lantern,#후쿠오카여행,#中洲,#nightview,#nakasu,#후쿠오카",107,11,2025-08-18T01:56:59,Nakasu,33.5936,130.4069,ko,night
demo_096,https://instagram.com/p/demo_096,Night stalls in Nakasu are vibrant,"#dazaifu,#temple,#castle,#fukuoka,#神社,#visitjapan",134,10,2025-07-10T01:56:59,Kokura,33.8833,130.8753,en,culture
demo_097,https://instagram.com/p/demo_097,Shopping around Tenjin core,"#itoshima,#sunset,#糸島,#海,#fukuoka,#visitjapan",215,17,2025-07-30T01:56:59,Kokura,33.8833,130.8753,en,nature
demo_098,https://instagram.com/p/demo_098,太宰府でお参り,"#lantern,#博多,#中洲,#nightview,#nakasu,#福岡",292,8,2025-07-31T17:56:59,Dazaifu,33.5209,130.5341,ja,night
demo_099,https://instagram.com/p/demo_099,Kokura castle in the sun,"#itoshima,#sunset,#糸島,#海,#fukuoka,#visitjapan",155,23,2025-09-02T18:56:59,Hakata,33.5902,130.4017,en,nature
demo_100,https://instagram.com/p/demo_100,博多ラーメンはやっぱり最高,"#dazaifu,#temple,#castle,#博多,#神社,#福岡",147,7,2025-07-30T21:56:59,Kokura,33.8833,130.8753,ja,culture
